<metadata xml:lang="de">
	<Esri>
		<CreaDate>20230209</CreaDate>
		<CreaTime>12273900</CreaTime>
		<ArcGISFormat>1.0</ArcGISFormat>
		<SyncOnce>TRUE</SyncOnce>
		<DataProperties>
			<lineage>
				<Process ToolSource="z:\data\software\arcgis\server\framework\runtime\arcgis\Resources\ArcToolbox\toolboxes\Conversion Tools.tbx\JSONToFeatures" Date="20230209" Time="122739">JSONToFeatures Z:\data\arcgis\directories\arcgisjobs\utilities_itnrw\featureset2geodatascript_gpserver\j2a2c8e155e384c2d9e32f53ccaaeddb8\scratch\K-2020-AI017-1--AI1701--2023-02-09.json Z:\data\arcgis\directories\arcgisjobs\utilities_itnrw\featureset2geodatascript_gpserver\j2a2c8e155e384c2d9e32f53ccaaeddb8\scratch\K-2020-AI017-1--AI1701--2023-02-09.shp Polygon</Process>
				<Process ToolSource="z:\data\software\arcgis\server\framework\runtime\arcgis\Resources\ArcToolbox\toolboxes\Data Management Tools.tbx\RepairGeometry" Date="20230209" Time="122743">RepairGeometry Z:\data\arcgis\directories\arcgisjobs\utilities_itnrw\featureset2geodatascript_gpserver\j2a2c8e155e384c2d9e32f53ccaaeddb8\scratch\K-2020-AI017-1--AI1701--2023-02-09.shp KEEP_NULL Esri</Process>
			</lineage>
		</DataProperties>
	</Esri>
</metadata>
