<metadata xml:lang="de">
	<Esri>
		<CreaDate>20230209</CreaDate>
		<CreaTime>13310900</CreaTime>
		<ArcGISFormat>1.0</ArcGISFormat>
		<SyncOnce>TRUE</SyncOnce>
		<DataProperties>
			<lineage>
				<Process ToolSource="z:\data\software\arcgis\server\framework\runtime\arcgis\Resources\ArcToolbox\toolboxes\Conversion Tools.tbx\JSONToFeatures" Date="20230209" Time="133109">JSONToFeatures Z:\data\arcgis\directories\arcgisjobs\utilities_itnrw\featureset2geodatascript_gpserver\j01ac4b87826740fe8ebb65d9730b0eeb\scratch\K-2020-AI008-1-5--AI0801--2023-02-09.json Z:\data\arcgis\directories\arcgisjobs\utilities_itnrw\featureset2geodatascript_gpserver\j01ac4b87826740fe8ebb65d9730b0eeb\scratch\K-2020-AI008-1-5--AI0801--2023-02-09.shp Polygon</Process>
				<Process ToolSource="z:\data\software\arcgis\server\framework\runtime\arcgis\Resources\ArcToolbox\toolboxes\Data Management Tools.tbx\RepairGeometry" Date="20230209" Time="133114">RepairGeometry Z:\data\arcgis\directories\arcgisjobs\utilities_itnrw\featureset2geodatascript_gpserver\j01ac4b87826740fe8ebb65d9730b0eeb\scratch\K-2020-AI008-1-5--AI0801--2023-02-09.shp KEEP_NULL Esri</Process>
			</lineage>
		</DataProperties>
	</Esri>
</metadata>
