<metadata xml:lang="de">
	<Esri>
		<CreaDate>20230209</CreaDate>
		<CreaTime>13325300</CreaTime>
		<ArcGISFormat>1.0</ArcGISFormat>
		<SyncOnce>TRUE</SyncOnce>
		<DataProperties>
			<lineage>
				<Process ToolSource="z:\data\software\arcgis\server\framework\runtime\arcgis\Resources\ArcToolbox\toolboxes\Conversion Tools.tbx\JSONToFeatures" Date="20230209" Time="133253">JSONToFeatures Z:\data\arcgis\directories\arcgisjobs\utilities_itnrw\featureset2geodatascript_gpserver\j4fb5b77fe5214d6090059fa508e1205e\scratch\K-2020-AI014-1--AI1401--2023-02-09.json Z:\data\arcgis\directories\arcgisjobs\utilities_itnrw\featureset2geodatascript_gpserver\j4fb5b77fe5214d6090059fa508e1205e\scratch\K-2020-AI014-1--AI1401--2023-02-09.shp Polygon</Process>
				<Process ToolSource="z:\data\software\arcgis\server\framework\runtime\arcgis\Resources\ArcToolbox\toolboxes\Data Management Tools.tbx\RepairGeometry" Date="20230209" Time="133258">RepairGeometry Z:\data\arcgis\directories\arcgisjobs\utilities_itnrw\featureset2geodatascript_gpserver\j4fb5b77fe5214d6090059fa508e1205e\scratch\K-2020-AI014-1--AI1401--2023-02-09.shp KEEP_NULL Esri</Process>
			</lineage>
		</DataProperties>
	</Esri>
</metadata>
