<metadata xml:lang="de">
	<Esri>
		<CreaDate>20230209</CreaDate>
		<CreaTime>13262000</CreaTime>
		<ArcGISFormat>1.0</ArcGISFormat>
		<SyncOnce>TRUE</SyncOnce>
		<DataProperties>
			<lineage>
				<Process ToolSource="z:\data\software\arcgis\server\framework\runtime\arcgis\Resources\ArcToolbox\toolboxes\Conversion Tools.tbx\JSONToFeatures" Date="20230209" Time="132620">JSONToFeatures Z:\data\arcgis\directories\arcgisjobs\utilities_itnrw\featureset2geodatascript_gpserver\jf59c9b44f0b940f8b6cff8e3cec7feb6\scratch\K-2020-AI002-1-5--AI0201--2023-02-09.json Z:\data\arcgis\directories\arcgisjobs\utilities_itnrw\featureset2geodatascript_gpserver\jf59c9b44f0b940f8b6cff8e3cec7feb6\scratch\K-2020-AI002-1-5--AI0201--2023-02-09.shp Polygon</Process>
				<Process ToolSource="z:\data\software\arcgis\server\framework\runtime\arcgis\Resources\ArcToolbox\toolboxes\Data Management Tools.tbx\RepairGeometry" Date="20230209" Time="132624">RepairGeometry Z:\data\arcgis\directories\arcgisjobs\utilities_itnrw\featureset2geodatascript_gpserver\jf59c9b44f0b940f8b6cff8e3cec7feb6\scratch\K-2020-AI002-1-5--AI0201--2023-02-09.shp KEEP_NULL Esri</Process>
			</lineage>
		</DataProperties>
	</Esri>
</metadata>
