<metadata xml:lang="de">
	<Esri>
		<CreaDate>20230209</CreaDate>
		<CreaTime>13344400</CreaTime>
		<ArcGISFormat>1.0</ArcGISFormat>
		<SyncOnce>TRUE</SyncOnce>
		<DataProperties>
			<lineage>
				<Process ToolSource="z:\data\software\arcgis\server\framework\runtime\arcgis\Resources\ArcToolbox\toolboxes\Conversion Tools.tbx\JSONToFeatures" Date="20230209" Time="133444">JSONToFeatures Z:\data\arcgis\directories\arcgisjobs\utilities_itnrw\featureset2geodatascript_gpserver\ja6f96c0fbbdd4f37be32f40ab3ca1fe4\scratch\K-2020-AI016-1--AI1601--2023-02-09.json Z:\data\arcgis\directories\arcgisjobs\utilities_itnrw\featureset2geodatascript_gpserver\ja6f96c0fbbdd4f37be32f40ab3ca1fe4\scratch\K-2020-AI016-1--AI1601--2023-02-09.shp Polygon</Process>
				<Process ToolSource="z:\data\software\arcgis\server\framework\runtime\arcgis\Resources\ArcToolbox\toolboxes\Data Management Tools.tbx\RepairGeometry" Date="20230209" Time="133449">RepairGeometry Z:\data\arcgis\directories\arcgisjobs\utilities_itnrw\featureset2geodatascript_gpserver\ja6f96c0fbbdd4f37be32f40ab3ca1fe4\scratch\K-2020-AI016-1--AI1601--2023-02-09.shp KEEP_NULL Esri</Process>
			</lineage>
		</DataProperties>
	</Esri>
</metadata>
